{"cameraMode":{"drawMode":0,"name":"Shaded","section":"Shading Mode"},"sceneLighting":false,"audioPlay":false,"sceneViewState":{"m_AlwaysRefresh":false,"showFog":true,"showSkybox":false,"showFlares":true,"showImageEffects":true,"showParticleSystems":true,"showVisualEffectGraphs":true,"m_FxEnabled":true},"in2DMode":false,"pivot":{"x":-0.8335826396942139,"y":0.3820779323577881,"z":-0.005536556243896484},"rotation":{"x":-0.13155899941921235,"y":-0.0736846998333931,"z":0.009806446731090546,"w":-0.9885174632072449},"size":4.760160446166992,"orthographic":false}