{"cameraMode":{"drawMode":0,"name":"Shaded","section":"Shading Mode"},"sceneLighting":false,"audioPlay":false,"sceneViewState":{"m_AlwaysRefresh":false,"showFog":true,"showSkybox":false,"showFlares":true,"showImageEffects":true,"showParticleSystems":true,"showVisualEffectGraphs":true,"m_FxEnabled":true},"in2DMode":false,"pivot":{"x":-3.098789691925049,"y":1.936409592628479,"z":3.5373082160949709},"rotation":{"x":-0.06829442083835602,"y":-0.9182165265083313,"z":0.18165986239910127,"w":-0.34531864523887637},"size":0.000017320508050033823,"orthographic":false}