{"cameraMode":{"drawMode":0,"name":"Shaded","section":"Shading Mode"},"sceneLighting":false,"audioPlay":false,"sceneViewState":{"m_AlwaysRefresh":false,"showFog":true,"showSkybox":false,"showFlares":true,"showImageEffects":true,"showParticleSystems":true,"showVisualEffectGraphs":true,"m_FxEnabled":true},"in2DMode":false,"pivot":{"x":-2.086162567138672e-7,"y":0.46881943941116335,"z":-0.02538149058818817},"rotation":{"x":0.06527171283960343,"y":-0.8312052488327026,"z":0.10000144690275192,"w":0.5430407524108887},"size":0.5540198683738709,"orthographic":false}