{"cameraMode":{"drawMode":0,"name":"Shaded","section":"Shading Mode"},"sceneLighting":false,"audioPlay":false,"sceneViewState":{"m_AlwaysRefresh":false,"showFog":true,"showSkybox":false,"showFlares":true,"showImageEffects":true,"showParticleSystems":true,"showVisualEffectGraphs":true,"m_FxEnabled":true},"in2DMode":false,"pivot":{"x":0.0020999908447265627,"y":-0.000510096549987793,"z":12.340883255004883},"rotation":{"x":-0.13155899941921235,"y":-0.0736846998333931,"z":0.009806446731090546,"w":-0.9885174632072449},"size":13.44946575164795,"orthographic":false}